Country,Female,Male,"Female
(US$ 75,000 cut-off)","Male
(US$ 75,000 cut-off)",main_score,Ranking,Year
Luxembourg,74888 ,121855 ,74888 ,75000 ,1.00 ,1 ,2016 
Qatar,68486 ,167832 ,68486 ,75000 ,0.91 ,2 ,2016 
Singapore,67074 ,98870 ,67074 ,75000 ,0.89 ,3 ,2016 
Botswana,15130 ,17070 ,15130 ,17070 ,0.89 ,4 ,2016 
Mozambique,1042 ,1221 ,1042 ,1221 ,0.85 ,5 ,2016 
Tanzania,2337 ,2741 ,2337 ,2741 ,0.85 ,6 ,2016 
Vietnam,5097 ,6173 ,5097 ,6173 ,0.83 ,7 ,2016 
Rwanda,1504 ,1831 ,1504 ,1831 ,0.82 ,8 ,2016 
Slovenia,27109 ,33754 ,27109 ,33754 ,0.80 ,9 ,2016 
Norway,57857 ,73258 ,57857 ,73258 ,0.79 ,10 ,2016 
Sweden,39804 ,50796 ,39804 ,50796 ,0.78 ,11 ,2016 
Burundi,677 ,865 ,677 ,865 ,0.78 ,12 ,2016 
Thailand,13778 ,17749 ,13778 ,17749 ,0.78 ,13 ,2016 
Lao PDR,4641 ,6007 ,4641 ,6007 ,0.77 ,14 ,2016 
Malawi,712 ,932 ,712 ,932 ,0.76 ,15 ,2016 
Namibia,8638 ,11345 ,8638 ,11345 ,0.76 ,16 ,2016 
Moldova,4327 ,5691 ,4327 ,5691 ,0.76 ,17 ,2016 
Ghana,3484 ,4685 ,3484 ,4685 ,0.74 ,18 ,2016 
Croatia,18332 ,25180 ,18332 ,25180 ,0.73 ,19 ,2016 
Benin,1711 ,2351 ,1711 ,2351 ,0.73 ,20 ,2016 
Lithuania,23559 ,32522 ,23559 ,32522 ,0.72 ,21 ,2016 
France,33148 ,45845 ,33148 ,45845 ,0.72 ,22 ,2016 
Iceland,36817 ,51143 ,36817 ,51143 ,0.72 ,23 ,2016 
Switzerland,49723 ,69548 ,49723 ,69548 ,0.71 ,24 ,2016 
Mongolia,9960 ,13972 ,9960 ,13972 ,0.71 ,25 ,2016 
Finland,33853 ,47714 ,33853 ,47714 ,0.71 ,26 ,2016 
Madagascar,1194 ,1687 ,1194 ,1687 ,0.71 ,27 ,2016 
Portugal,24025 ,34025 ,24025 ,34025 ,0.71 ,28 ,2016 
Guinea,1009 ,1432 ,1009 ,1432 ,0.70 ,29 ,2016 
Latvia,19658 ,28137 ,19658 ,28137 ,0.70 ,30 ,2016 
Philippines,5691 ,8223 ,5691 ,8223 ,0.69 ,31 ,2016 
Liberia,687 ,995 ,687 ,995 ,0.69 ,32 ,2016 
Romania,16721 ,24209 ,16721 ,24209 ,0.69 ,33 ,2016 
Zimbabwe,1460 ,2133 ,1460 ,2133 ,0.68 ,34 ,2016 
Cyprus,24479 ,35770 ,24479 ,35770 ,0.68 ,35 ,2016 
Barbados,13135 ,19235 ,13135 ,19235 ,0.68 ,36 ,2016 
Colombia,10864 ,15928 ,10864 ,15928 ,0.68 ,37 ,2016 
Cambodia,2649 ,3907 ,2649 ,3907 ,0.68 ,38 ,2016 
"Gambia, The",1319 ,1948 ,1319 ,1948 ,0.68 ,39 ,2016 
Bahamas,18985 ,28190 ,18985 ,28190 ,0.67 ,40 ,2016 
Germany,37408 ,55707 ,37408 ,55707 ,0.67 ,41 ,2016 
Denmark,36501 ,54704 ,36501 ,54704 ,0.67 ,42 ,2016 
Cameroon,2370 ,3575 ,2370 ,3575 ,0.66 ,43 ,2016 
Canada,35869 ,54411 ,35869 ,54411 ,0.66 ,44 ,2016 
Bulgaria,13691 ,20929 ,13691 ,20929 ,0.65 ,45 ,2016 
Kenya,2334 ,3574 ,2334 ,3574 ,0.65 ,46 ,2016 
Belgium,34417 ,52746 ,34417 ,52746 ,0.65 ,47 ,2016 
Malaysia,20105 ,30828 ,20105 ,30828 ,0.65 ,48 ,2016 
Burkina Faso,1280 ,1964 ,1280 ,1964 ,0.65 ,49 ,2016 
United States,43122 ,66338 ,43122 ,66338 ,0.65 ,50 ,2016 
Dominican Republic,10453 ,16091 ,10453 ,16091 ,0.65 ,51 ,2016 
Serbia,10667 ,16664 ,10667 ,16664 ,0.64 ,52 ,2016 
Poland,19841 ,31049 ,19841 ,31049 ,0.64 ,53 ,2016 
Belarus,14361 ,22588 ,14361 ,22588 ,0.64 ,54 ,2016 
Spain,26177 ,41369 ,26177 ,41369 ,0.63 ,55 ,2016 
Brunei Darussalam,47377 ,93588 ,47377 ,75000 ,0.63 ,56 ,2016 
Australia,35414 ,56452 ,35414 ,56452 ,0.63 ,57 ,2016 
Panama,16032 ,25732 ,16032 ,25732 ,0.62 ,58 ,2016 
China,10049 ,16177 ,10049 ,16177 ,0.62 ,59 ,2016 
Venezuela,14009 ,22579 ,14009 ,22579 ,0.62 ,60 ,2016 
Estonia,21829 ,35313 ,21829 ,35313 ,0.62 ,61 ,2016 
South Africa,9972 ,16230 ,9972 ,16230 ,0.61 ,62 ,2016 
Chad,1659 ,2704 ,1659 ,2704 ,0.61 ,63 ,2016 
Lesotho,2005 ,3285 ,2005 ,3285 ,0.61 ,64 ,2016 
Jamaica,6729 ,11044 ,6729 ,11044 ,0.61 ,65 ,2016 
New Zealand,28674 ,47100 ,28674 ,47100 ,0.61 ,66 ,2016 
Ethiopia,1130 ,1871 ,1130 ,1871 ,0.60 ,67 ,2016 
Ukraine,6632 ,11022 ,6632 ,11022 ,0.60 ,68 ,2016 
Czech Republic,23488 ,39156 ,23488 ,39156 ,0.60 ,69 ,2016 
Russian Federation,17496 ,29321 ,17496 ,29321 ,0.60 ,70 ,2016 
Slovak Republic,21334 ,35760 ,21334 ,35760 ,0.60 ,71 ,2016 
"Macedonia, FYR",10114 ,16962 ,10114 ,16962 ,0.60 ,72 ,2016 
Hungary,18951 ,31804 ,18951 ,31804 ,0.60 ,73 ,2016 
Angola,5188 ,8736 ,5188 ,8736 ,0.59 ,74 ,2016 
Israel,25131 ,42419 ,25131 ,42419 ,0.59 ,75 ,2016 
Bolivia,4921 ,8333 ,4921 ,8333 ,0.59 ,76 ,2016 
Ireland,36687 ,62144 ,36687 ,62144 ,0.59 ,77 ,2016 
Paraguay,6586 ,11168 ,6586 ,11168 ,0.59 ,78 ,2016 
Ecuador,8435 ,14309 ,8435 ,14309 ,0.59 ,79 ,2016 
Tajikistan,1986 ,3378 ,1986 ,3378 ,0.59 ,80 ,2016 
Bhutan,5638 ,9691 ,5638 ,9691 ,0.58 ,81 ,2016 
Costa Rica,10970 ,18860 ,10970 ,18860 ,0.58 ,82 ,2016 
Brazil,11666 ,20263 ,11666 ,20263 ,0.58 ,83 ,2016 
Greece,19687 ,34369 ,19687 ,34369 ,0.57 ,84 ,2016 
Kazakhstan,17810 ,31099 ,17810 ,31099 ,0.57 ,85 ,2016 
Montenegro,10998 ,19208 ,10998 ,19208 ,0.57 ,86 ,2016 
Nigeria,4280 ,7483 ,4280 ,7483 ,0.57 ,87 ,2016 
Peru,8661 ,15323 ,8661 ,15323 ,0.57 ,88 ,2016 
Uruguay,15173 ,27005 ,15173 ,27005 ,0.56 ,89 ,2016 
Nepal,1710 ,3080 ,1710 ,3080 ,0.56 ,90 ,2016 
Trinidad and Tobago,22656 ,41527 ,22656 ,41527 ,0.55 ,91 ,2016 
United Kingdom,28237 ,52575 ,28237 ,52575 ,0.54 ,92 ,2016 
Kuwait,40120 ,99088 ,40120 ,75000 ,0.53 ,93 ,2016 
Maldives,8650 ,16387 ,8650 ,16387 ,0.53 ,94 ,2016 
Austria,33063 ,62831 ,33063 ,62831 ,0.53 ,95 ,2016 
Armenia,5689 ,10823 ,5689 ,10823 ,0.53 ,96 ,2016 
Chile,15107 ,29223 ,15107 ,29223 ,0.52 ,97 ,2016 
Italy,24374 ,47185 ,24374 ,47185 ,0.52 ,98 ,2016 
Belize,5723 ,11127 ,5723 ,11127 ,0.51 ,99 ,2016 
Japan,25091 ,48796 ,25091 ,48796 ,0.51 ,100 ,2016 
Albania,7515 ,14759 ,7515 ,14759 ,0.51 ,101 ,2016 
Azerbaijan,11831 ,23260 ,11831 ,23260 ,0.51 ,102 ,2016 
Senegal,1573 ,3121 ,1573 ,3121 ,0.50 ,103 ,2016 
El Salvador,5658 ,11396 ,5658 ,11396 ,0.50 ,104 ,2016 
Guatemala,4929 ,10092 ,4929 ,10092 ,0.49 ,105 ,2016 
Cape Verde,4278 ,8821 ,4278 ,8821 ,0.49 ,106 ,2016 
Indonesia,6844 ,14139 ,6844 ,14139 ,0.48 ,107 ,2016 
Georgia,6072 ,12551 ,6072 ,12551 ,0.48 ,108 ,2016 
Mexico,11277 ,23415 ,11277 ,23415 ,0.48 ,109 ,2016 
Côte d'Ivoire,2102 ,4375 ,2102 ,4375 ,0.48 ,110 ,2016 
Netherlands,31310 ,65446 ,31310 ,65446 ,0.48 ,111 ,2016 
Nicaragua,3189 ,6697 ,3189 ,6697 ,0.48 ,112 ,2016 
Swaziland,5369 ,11280 ,5369 ,11280 ,0.48 ,113 ,2016 
Kyrgyz Republic,2131 ,4537 ,2131 ,4537 ,0.47 ,114 ,2016 
Cuba,13125 ,28026 ,13125 ,28026 ,0.47 ,115 ,2016 
Mali,1013 ,2175 ,1013 ,2175 ,0.47 ,116 ,2016 
Malta,18458 ,40683 ,18458 ,40683 ,0.45 ,117 ,2016 
Suriname,10341 ,22909 ,10341 ,22909 ,0.45 ,118 ,2016 
Bosnia and Herzegovina,6496 ,14394 ,6496 ,14394 ,0.45 ,119 ,2016 
"Korea, Rep.",20760 ,46183 ,20760 ,46183 ,0.45 ,120 ,2016 
Turkey,12162 ,27673 ,12162 ,27673 ,0.44 ,121 ,2016 
Mauritius,11250 ,26102 ,11250 ,26102 ,0.43 ,122 ,2016 
Honduras,2942 ,6876 ,2942 ,6876 ,0.43 ,123 ,2016 
Bangladesh,1789 ,4431 ,1789 ,4431 ,0.40 ,124 ,2016 
Uganda,1008 ,2535 ,1008 ,2535 ,0.40 ,125 ,2016 
Timor-Leste*,1183 ,3239 ,1183 ,3239 ,0.37 ,126 ,2016 
Mauritania,1973 ,5826 ,1973 ,5826 ,0.34 ,127 ,2016 
Sri Lanka,5379 ,17275 ,5379 ,17275 ,0.31 ,128 ,2016 
United Arab Emirates,22835 ,84042 ,22835 ,75000 ,0.30 ,129 ,2016 
Bahrain,18725 ,61925 ,18725 ,61925 ,0.30 ,130 ,2016 
Egypt,4644 ,16298 ,4644 ,16298 ,0.28 ,131 ,2016 
Tunisia,4896 ,18130 ,4896 ,18130 ,0.27 ,132 ,2016 
Yemen,1597 ,5928 ,1597 ,5928 ,0.27 ,133 ,2016 
Morocco,3144 ,11940 ,3144 ,11940 ,0.26 ,134 ,2016 
Lebanon,7000 ,27831 ,7000 ,27831 ,0.25 ,135 ,2016 
Saudi Arabia,18146 ,78030 ,18146 ,75000 ,0.24 ,136 ,2016 
India,2103 ,9045 ,2103 ,9045 ,0.23 ,137 ,2016 
Pakistan,1745 ,7714 ,1745 ,7714 ,0.23 ,138 ,2016 
Oman,11420 ,52443 ,11420 ,52443 ,0.22 ,139 ,2016 
Algeria,4338 ,23926 ,4338 ,23926 ,0.18 ,140 ,2016 
"Iran, Islamic Rep.",4963 ,29468 ,4963 ,29468 ,0.17 ,141 ,2016 
Jordan,3388 ,20304 ,3388 ,20304 ,0.17 ,142 ,2016 
Argentina,,,,,,,2016 
Syria,,,,,,,2016 
Brunei Darussalam,51971 ,98825 ,40000 ,40000 ,1.00 ,1 ,2015 
Luxembourg,74764 ,107466 ,40000 ,40000 ,1.00 ,1 ,2015 
Norway,57293 ,72471 ,40000 ,40000 ,1.00 ,1 ,2015 
Qatar,59334 ,164771 ,40000 ,40000 ,1.00 ,1 ,2015 
Singapore,67494 ,98423 ,40000 ,40000 ,1.00 ,1 ,2015 
Switzerland,44421 ,69805 ,40000 ,40000 ,1.00 ,1 ,2015 
United States,43335 ,66281 ,40000 ,40000 ,1.00 ,1 ,2015 
Sweden,39996 ,50323 ,39996 ,40000 ,1.00 ,8 ,2015 
Kuwait,38988 ,111001 ,38988 ,40000 ,0.97 ,9 ,2015 
Tanzania,2497 ,2685 ,2497 ,2685 ,0.93 ,10 ,2015 
Kenya,2800 ,3020 ,2800 ,3020 ,0.93 ,11 ,2015 
Germany,36439 ,55126 ,36439 ,40000 ,0.91 ,12 ,2015 
Denmark,35986 ,53873 ,35986 ,40000 ,0.90 ,13 ,2015 
Iceland,35755 ,50923 ,35755 ,40000 ,0.89 ,14 ,2015 
Ireland,35680 ,60081 ,35680 ,40000 ,0.89 ,15 ,2015 
Canada,35014 ,53298 ,35014 ,40000 ,0.88 ,16 ,2015 
Botswana,16142 ,18901 ,16142 ,18901 ,0.85 ,17 ,2015 
Australia,33748 ,54155 ,33748 ,40000 ,0.84 ,18 ,2015 
Vietnam,5108 ,6162 ,5108 ,6162 ,0.83 ,19 ,2015 
Belgium,32986 ,52824 ,32986 ,40000 ,0.82 ,20 ,2015 
Finland,32506 ,47253 ,32506 ,40000 ,0.81 ,21 ,2015 
France,32312 ,45811 ,32312 ,40000 ,0.81 ,22 ,2015 
Slovenia,26666 ,33208 ,26666 ,33208 ,0.80 ,23 ,2015 
Mozambique,1041 ,1302 ,1041 ,1302 ,0.80 ,24 ,2015 
Bahrain,31797 ,54830 ,31797 ,40000 ,0.79 ,25 ,2015 
Thailand,12993 ,16400 ,12993 ,16400 ,0.79 ,26 ,2015 
Austria,31348 ,61669 ,31348 ,40000 ,0.78 ,27 ,2015 
Rwanda,1371 ,1751 ,1371 ,1751 ,0.78 ,28 ,2015 
Malawi,715 ,914 ,715 ,914 ,0.78 ,29 ,2015 
Burundi,695 ,896 ,695 ,896 ,0.78 ,30 ,2015 
Netherlands,30845 ,63678 ,30845 ,40000 ,0.77 ,31 ,2015 
Moldova,4339 ,5698 ,4339 ,5698 ,0.76 ,32 ,2015 
Lithuania,23011 ,30901 ,23011 ,30901 ,0.74 ,33 ,2015 
Namibia,8531 ,11480 ,8531 ,11480 ,0.74 ,34 ,2015 
Lao PDR,4385 ,5945 ,4385 ,5945 ,0.74 ,35 ,2015 
Ghana,3496 ,4800 ,3496 ,4800 ,0.73 ,36 ,2015 
Madagascar,1202 ,1673 ,1202 ,1673 ,0.72 ,37 ,2015 
Cambodia,2704 ,3807 ,2704 ,3807 ,0.71 ,38 ,2015 
Romania,16174 ,22802 ,16174 ,22802 ,0.71 ,39 ,2015 
Zimbabwe,1544 ,2181 ,1544 ,2181 ,0.71 ,40 ,2015 
Mongolia,9998 ,14169 ,9998 ,14169 ,0.71 ,41 ,2015 
Croatia,17666 ,25099 ,17666 ,25099 ,0.70 ,42 ,2015 
Latvia,19516 ,27870 ,19516 ,27870 ,0.70 ,43 ,2015 
Portugal,23285 ,33689 ,23285 ,33689 ,0.69 ,44 ,2015 
Philippines,5643 ,8184 ,5643 ,8184 ,0.69 ,45 ,2015 
Liberia,794 ,1162 ,794 ,1162 ,0.68 ,46 ,2015 
United Kingdom,27112 ,51500 ,27112 ,40000 ,0.68 ,47 ,2015 
"Gambia, The*",1317 ,1949 ,1317 ,1949 ,0.68 ,48 ,2015 
Bahamas,18963 ,28276 ,18963 ,28276 ,0.67 ,49 ,2015 
Burkina Faso,1346 ,2025 ,1346 ,2025 ,0.66 ,50 ,2015 
Colombia,10456 ,15726 ,10456 ,15726 ,0.66 ,51 ,2015 
Benin*,1487 ,2245 ,1487 ,2245 ,0.66 ,52 ,2015 
Ecuador,8990 ,13598 ,8990 ,13598 ,0.66 ,53 ,2015 
New Zealand,26338 ,44418 ,26338 ,40000 ,0.66 ,54 ,2015 
Serbia,10097 ,15341 ,10097 ,15341 ,0.66 ,55 ,2015 
Bulgaria,13008 ,19836 ,13008 ,19836 ,0.66 ,56 ,2015 
Barbados,10593 ,16314 ,10593 ,16314 ,0.65 ,57 ,2015 
Cyprus,24189 ,37281 ,24189 ,37281 ,0.65 ,58 ,2015 
Spain,25859 ,41853 ,25859 ,40000 ,0.65 ,59 ,2015 
Zambia,3206 ,4971 ,3206 ,4971 ,0.64 ,60 ,2015 
Ukraine,6888 ,10746 ,6888 ,10746 ,0.64 ,61 ,2015 
Dominican Republic,10229 ,15986 ,10229 ,15986 ,0.64 ,62 ,2015 
Guinea,960 ,1511 ,960 ,1511 ,0.64 ,63 ,2015 
Angola,6155 ,9693 ,6155 ,9693 ,0.63 ,64 ,2015 
Estonia,20803 ,32772 ,20803 ,32772 ,0.63 ,65 ,2015 
Cameroon*,2295 ,3635 ,2295 ,3635 ,0.63 ,66 ,2015 
China,10037 ,16170 ,10037 ,16170 ,0.62 ,67 ,2015 
Bhutan,5912 ,9541 ,5912 ,9541 ,0.62 ,68 ,2015 
Russian Federation,19886 ,32356 ,19886 ,32356 ,0.61 ,69 ,2015 
Belarus,14068 ,22943 ,14068 ,22943 ,0.61 ,70 ,2015 
Chad,1705 ,2781 ,1705 ,2781 ,0.61 ,71 ,2015 
Lesotho,1992 ,3252 ,1992 ,3252 ,0.61 ,72 ,2015 
Ethiopia,1139 ,1862 ,1139 ,1862 ,0.61 ,73 ,2015 
Venezuela,13227 ,21689 ,13227 ,21689 ,0.61 ,74 ,2015 
Japan,24389 ,49141 ,24389 ,40000 ,0.61 ,75 ,2015 
"Macedonia, FYR",9774 ,16093 ,9774 ,16093 ,0.61 ,76 ,2015 
Jamaica,6743 ,11109 ,6743 ,11109 ,0.61 ,77 ,2015 
Bolivia,4865 ,8038 ,4865 ,8038 ,0.61 ,78 ,2015 
Hungary,18654 ,30951 ,18654 ,30951 ,0.60 ,79 ,2015 
Israel,24098 ,42210 ,24098 ,40000 ,0.60 ,80 ,2015 
South Africa,9803 ,16481 ,9803 ,16481 ,0.59 ,81 ,2015 
Czech Republic,22791 ,38334 ,22791 ,38334 ,0.59 ,82 ,2015 
Panama,15291 ,25774 ,15291 ,25774 ,0.59 ,83 ,2015 
Italy,23717 ,46430 ,23717 ,40000 ,0.59 ,84 ,2015 
United Arab Emirates,23668 ,80745 ,23668 ,40000 ,0.59 ,85 ,2015 
Senegal,1722 ,2924 ,1722 ,2924 ,0.59 ,86 ,2015 
Brazil,12019 ,20433 ,12019 ,20433 ,0.59 ,87 ,2015 
Tajikistan,1959 ,3346 ,1959 ,3346 ,0.59 ,88 ,2015 
Kazakhstan,17961 ,30936 ,17961 ,30936 ,0.58 ,89 ,2015 
Poland,18385 ,31846 ,18385 ,31846 ,0.58 ,90 ,2015 
Malaysia,18218 ,31596 ,18218 ,31596 ,0.58 ,91 ,2015 
El Salvador,5921 ,10270 ,5921 ,10270 ,0.58 ,92 ,2015 
Montenegro,10501 ,18238 ,10501 ,18238 ,0.58 ,93 ,2015 
Peru,8799 ,15323 ,8799 ,15323 ,0.57 ,94 ,2015 
Slovak Republic,20271 ,35311 ,20271 ,35311 ,0.57 ,95 ,2015 
Nigeria,4261 ,7435 ,4261 ,7435 ,0.57 ,96 ,2015 
Uruguay,15176 ,27000 ,15176 ,27000 ,0.56 ,97 ,2015 
Nepal,1725 ,3069 ,1725 ,3069 ,0.56 ,98 ,2015 
Costa Rica,10275 ,18348 ,10275 ,18348 ,0.56 ,99 ,2015 
Guatemala,5437 ,9721 ,5437 ,9721 ,0.56 ,100 ,2015 
"Korea, Rep.",22263 ,46587 ,22263 ,40000 ,0.56 ,101 ,2015 
Greece,18582 ,33812 ,18582 ,33812 ,0.55 ,102 ,2015 
Trinidad and Tobago,21345 ,39761 ,21345 ,39761 ,0.54 ,103 ,2015 
Swaziland,4428 ,8318 ,4428 ,8318 ,0.53 ,104 ,2015 
Kyrgyz Republic,2315 ,4357 ,2315 ,4357 ,0.53 ,105 ,2015 
Maldives,10150 ,19338 ,10150 ,19338 ,0.52 ,106 ,2015 
Albania,7156 ,13691 ,7156 ,13691 ,0.52 ,107 ,2015 
Bangladesh,2143 ,4105 ,2143 ,4105 ,0.52 ,108 ,2015 
Paraguay,5741 ,11068 ,5741 ,11068 ,0.52 ,109 ,2015 
Georgia,5183 ,10272 ,5183 ,10272 ,0.50 ,110 ,2015 
Chile,14981 ,29846 ,14981 ,29846 ,0.50 ,111 ,2015 
Indonesia,6933 ,14194 ,6933 ,14194 ,0.49 ,112 ,2015 
Mexico,11357 ,23347 ,11357 ,23347 ,0.49 ,113 ,2015 
Armenia,5277 ,10854 ,5277 ,10854 ,0.49 ,114 ,2015 
Mali,1121 ,2335 ,1121 ,2335 ,0.48 ,115 ,2015 
Côte d'Ivoire,2242 ,4681 ,2242 ,4681 ,0.48 ,116 ,2015 
Cuba,13284 ,28216 ,13284 ,28216 ,0.47 ,117 ,2015 
Cape Verde,4238 ,9070 ,4238 ,9070 ,0.47 ,118 ,2015 
Nicaragua,3041 ,6586 ,3041 ,6586 ,0.46 ,119 ,2015 
Belize,5326 ,11656 ,5326 ,11656 ,0.46 ,120 ,2015 
Suriname,9978 ,22140 ,9978 ,22140 ,0.45 ,121 ,2015 
Malta,17790 ,40480 ,17790 ,40000 ,0.44 ,122 ,2015 
Saudi Arabia,17745 ,81463 ,17745 ,40000 ,0.44 ,123 ,2015 
Azerbaijan,10768 ,24341 ,10768 ,24341 ,0.44 ,124 ,2015 
Mauritius,11099 ,26280 ,11099 ,26280 ,0.42 ,125 ,2015 
Guyana,4042 ,9590 ,4042 ,9590 ,0.42 ,126 ,2015 
Uganda,982 ,2448 ,982 ,2448 ,0.40 ,127 ,2015 
Honduras,2524 ,6307 ,2524 ,6307 ,0.40 ,128 ,2015 
Fiji,4568 ,11522 ,4568 ,11522 ,0.40 ,129 ,2015 
Turkey,10967 ,27836 ,10967 ,27836 ,0.39 ,130 ,2015 
Sri Lanka,5954 ,15323 ,5954 ,15323 ,0.39 ,131 ,2015 
Oman,12814 ,59728 ,12814 ,40000 ,0.32 ,132 ,2015 
Egypt,5218 ,17353 ,5218 ,17353 ,0.30 ,133 ,2015 
Mauritania,1688 ,6075 ,1688 ,6075 ,0.28 ,134 ,2015 
Morocco,3182 ,11669 ,3182 ,11669 ,0.27 ,135 ,2015 
Tunisia,4771 ,17596 ,4771 ,17596 ,0.27 ,136 ,2015 
Yemen,1675 ,6206 ,1675 ,6206 ,0.27 ,137 ,2015 
Lebanon,6998 ,27891 ,6998 ,27891 ,0.25 ,138 ,2015 
India,2257 ,9175 ,2257 ,9175 ,0.25 ,139 ,2015 
Pakistan,1503 ,8000 ,1503 ,8000 ,0.19 ,140 ,2015 
Jordan,3604 ,20163 ,3604 ,20163 ,0.18 ,141 ,2015 
"Iran, Islamic Rep.",4787 ,27744 ,4787 ,27744 ,0.17 ,142 ,2015 
Algeria,3820 ,23592 ,3820 ,23592 ,0.16 ,143 ,2015 
Argentina,,,,,,,2015 
Syria,,,,,,,2015 
Denmark,43316 ,42226 ,40000 ,40000 ,1.03 ,1 ,2014 
Australia,43023 ,44621 ,40000 ,40000 ,0.96 ,2 ,2014 
Tanzania,1618 ,1748 ,1618 ,1748 ,0.93 ,3 ,2014 
Kenya,2054 ,2238 ,2054 ,2238 ,0.92 ,4 ,2014 
Botswana,13382 ,15998 ,13382 ,15998 ,0.84 ,5 ,2014 
Vietnam,4510 ,5498 ,4510 ,5498 ,0.82 ,6 ,2014 
Slovenia,25544 ,31443 ,25544 ,31443 ,0.81 ,7 ,2014 
Mozambique,883 ,1098 ,883 ,1098 ,0.80 ,8 ,2014 
Sweden,37788 ,47978 ,37788 ,40000 ,0.79 ,9 ,2014 
Burundi,661 ,841 ,661 ,841 ,0.79 ,10 ,2014 
Norway,58109 ,74157 ,40000 ,40000 ,0.78 ,11 ,2014 
Thailand,12157 ,15559 ,12157 ,15559 ,0.78 ,12 ,2014 
Malawi,659 ,844 ,659 ,844 ,0.78 ,13 ,2014 
Moldova,3701 ,4794 ,3701 ,4794 ,0.77 ,14 ,2014 
Rwanda,1217 ,1598 ,1217 ,1598 ,0.76 ,15 ,2014 
Mongolia,7107 ,9783 ,7107 ,9783 ,0.73 ,16 ,2014 
Lao PDR,3753 ,5184 ,3753 ,5184 ,0.72 ,17 ,2014 
Croatia,17484 ,24690 ,17484 ,24690 ,0.71 ,18 ,2014 
Ecuador,8347 ,11799 ,8347 ,11799 ,0.71 ,19 ,2014 
Romania,15023 ,21263 ,15023 ,21263 ,0.71 ,20 ,2014 
Portugal,21605 ,30593 ,21605 ,30593 ,0.71 ,21 ,2014 
Madagascar,1159 ,1647 ,1159 ,1647 ,0.70 ,22 ,2014 
Zimbabwe,1123 ,1605 ,1123 ,1605 ,0.70 ,23 ,2014 
Cambodia,2344 ,3357 ,2344 ,3357 ,0.70 ,24 ,2014 
Iceland,31992 ,46110 ,31992 ,40000 ,0.69 ,25 ,2014 
Latvia,18056 ,26271 ,18056 ,26271 ,0.69 ,26 ,2014 
Bulgaria,13130 ,19115 ,13130 ,19115 ,0.69 ,27 ,2014 
Finland,32028 ,46628 ,32028 ,40000 ,0.69 ,28 ,2014 
Liberia*,644 ,946 ,644 ,946 ,0.68 ,29 ,2014 
France,29992 ,44028 ,29992 ,40000 ,0.68 ,30 ,2014 
Philippines,4925 ,7290 ,4925 ,7290 ,0.68 ,31 ,2014 
"Bahamas, The",18627 ,27776 ,18627 ,27776 ,0.67 ,32 ,2014 
Burkina Faso,1246 ,1867 ,1246 ,1867 ,0.67 ,33 ,2014 
Ghana,2956 ,4463 ,2956 ,4463 ,0.66 ,34 ,2014 
Serbia,9435 ,14276 ,9435 ,14276 ,0.66 ,35 ,2014 
Canada,32916 ,49809 ,32916 ,40000 ,0.66 ,36 ,2014 
Peru,9367 ,14233 ,9367 ,14233 ,0.66 ,37 ,2014 
Barbados,12279 ,18868 ,12279 ,18868 ,0.65 ,38 ,2014 
Poland,18094 ,27805 ,18094 ,27805 ,0.65 ,39 ,2014 
Ukraine,6783 ,10460 ,6783 ,10460 ,0.65 ,40 ,2014 
Estonia,19515 ,30156 ,19515 ,30156 ,0.65 ,41 ,2014 
United States,40799 ,63057 ,40000 ,40000 ,0.65 ,42 ,2014 
Germany,33583 ,52170 ,33583 ,40000 ,0.64 ,43 ,2014 
Lithuania,19394 ,30166 ,19394 ,30166 ,0.64 ,44 ,2014 
China,8499 ,13247 ,8499 ,13247 ,0.64 ,45 ,2014 
Dominican Republic,8741 ,13671 ,8741 ,13671 ,0.64 ,46 ,2014 
Bhutan,5847 ,9151 ,5847 ,9151 ,0.64 ,47 ,2014 
Singapore,56836 ,89040 ,40000 ,40000 ,0.64 ,48 ,2014 
Switzerland,41570 ,65147 ,40000 ,40000 ,0.64 ,49 ,2014 
Zambia,2365 ,3722 ,2365 ,3722 ,0.64 ,50 ,2014 
Belarus*,13524 ,21360 ,13524 ,21360 ,0.63 ,51 ,2014 
Angola,5797 ,9181 ,5797 ,9181 ,0.63 ,52 ,2014 
"Venezuela, RB",13836 ,22040 ,13836 ,22040 ,0.63 ,53 ,2014 
Tajikistan,1818 ,2899 ,1818 ,2899 ,0.63 ,54 ,2014 
Belgium,31383 ,50100 ,31383 ,40000 ,0.63 ,55 ,2014 
Guinea*,952 ,1522 ,952 ,1522 ,0.63 ,56 ,2014 
Chad,1556 ,2519 ,1556 ,2519 ,0.62 ,57 ,2014 
Bolivia,4372 ,7130 ,4372 ,7130 ,0.61 ,58 ,2014 
Namibia,7093 ,11633 ,7093 ,11633 ,0.61 ,59 ,2014 
Panama,12775 ,21035 ,12775 ,21035 ,0.61 ,60 ,2014 
Lesotho,1827 ,3009 ,1827 ,3009 ,0.61 ,61 ,2014 
Hungary,17299 ,28530 ,17299 ,28530 ,0.61 ,62 ,2014 
Jamaica,6468 ,10735 ,6468 ,10735 ,0.60 ,63 ,2014 
"Macedonia, FYR",8847 ,14809 ,8847 ,14809 ,0.60 ,64 ,2014 
Spain,24107 ,40356 ,24107 ,40000 ,0.60 ,65 ,2014 
Cyprus,22755 ,38442 ,22755 ,38442 ,0.59 ,66 ,2014 
Czech Republic,20547 ,34727 ,20547 ,34727 ,0.59 ,67 ,2014 
Armenia,5469 ,9250 ,5469 ,9250 ,0.59 ,68 ,2014 
Brazil,10821 ,18402 ,10821 ,18402 ,0.59 ,69 ,2014 
New Zealand,24478 ,41678 ,24478 ,40000 ,0.59 ,70 ,2014 
Slovak Republic,19251 ,32804 ,19251 ,32804 ,0.59 ,71 ,2014 
El Salvador,5666 ,9691 ,5666 ,9691 ,0.58 ,72 ,2014 
Guatemala,5246 ,9072 ,5246 ,9072 ,0.58 ,73 ,2014 
Kazakhstan,16175 ,28020 ,16175 ,28020 ,0.58 ,74 ,2014 
Nigeria,4029 ,6989 ,4029 ,6989 ,0.58 ,75 ,2014 
Paraguay,5357 ,9293 ,5357 ,9293 ,0.58 ,76 ,2014 
Ireland,32050 ,55801 ,32050 ,40000 ,0.57 ,77 ,2014 
Israel,22918 ,39955 ,22918 ,39955 ,0.57 ,78 ,2014 
Uruguay,13407 ,23497 ,13407 ,23497 ,0.57 ,79 ,2014 
Senegal,1608 ,2839 ,1608 ,2839 ,0.57 ,80 ,2014 
Costa Rica,9592 ,16933 ,9592 ,16933 ,0.57 ,81 ,2014 
Trinidad and Tobago,21455 ,37911 ,21455 ,37911 ,0.57 ,82 ,2014 
Brunei Darussalam,51805 ,92299 ,40000 ,40000 ,0.56 ,83 ,2014 
Russian Federation,17295 ,30933 ,17295 ,30933 ,0.56 ,84 ,2014 
Colombia,8538 ,15356 ,8538 ,15356 ,0.56 ,85 ,2014 
Kyrgyz Republic,2050 ,3766 ,2050 ,3766 ,0.54 ,86 ,2014 
Greece,18339 ,33950 ,18339 ,33950 ,0.54 ,87 ,2014 
Swaziland*,4225 ,7859 ,4225 ,7859 ,0.54 ,88 ,2014 
Albania,6562 ,12226 ,6562 ,12226 ,0.54 ,89 ,2014 
Maldives,7935 ,14946 ,7935 ,14946 ,0.53 ,90 ,2014 
United Kingdom,24820 ,46958 ,24820 ,40000 ,0.53 ,91 ,2014 
South Africa,8464 ,16163 ,8464 ,16163 ,0.52 ,92 ,2014 
Nepal,1503 ,2873 ,1503 ,2873 ,0.52 ,93 ,2014 
Bangladesh,1645 ,3146 ,1645 ,3146 ,0.52 ,94 ,2014 
Malaysia,15280 ,29711 ,15280 ,29711 ,0.51 ,95 ,2014 
Ethiopia,837 ,1641 ,837 ,1641 ,0.51 ,96 ,2014 
Austria,29746 ,59212 ,29746 ,40000 ,0.50 ,97 ,2014 
Luxembourg,59917 ,119401 ,40000 ,40000 ,0.50 ,98 ,2014 
Japan,23949 ,47924 ,23949 ,40000 ,0.50 ,99 ,2014 
Indonesia,5975 ,12009 ,5975 ,12009 ,0.50 ,100 ,2014 
Chile,14245 ,28849 ,14245 ,28849 ,0.49 ,101 ,2014 
Cote d'Ivoire,1813 ,3738 ,1813 ,3738 ,0.49 ,102 ,2014 
Italy,22848 ,47723 ,22848 ,40000 ,0.48 ,103 ,2014 
Netherlands,28107 ,58846 ,28107 ,40000 ,0.48 ,104 ,2014 
Cuba,12102 ,25419 ,12102 ,25419 ,0.48 ,105 ,2014 
"Korea, Rep.",19395 ,40740 ,19395 ,40000 ,0.48 ,106 ,2014 
Cape Verde,4130 ,8737 ,4130 ,8737 ,0.47 ,107 ,2014 
Nicaragua,2758 ,5933 ,2758 ,5933 ,0.46 ,108 ,2014 
Belize,5441 ,11734 ,5441 ,11734 ,0.46 ,109 ,2014 
Mexico,10468 ,22769 ,10468 ,22769 ,0.46 ,110 ,2014 
Suriname,9704 ,21147 ,9704 ,21147 ,0.46 ,111 ,2014 
Georgia,4348 ,9567 ,4348 ,9567 ,0.45 ,112 ,2014 
Guyana,3757 ,8485 ,3757 ,8485 ,0.44 ,113 ,2014 
Azerbaijan,9874 ,22544 ,9874 ,22544 ,0.44 ,114 ,2014 
Mauritius,9934 ,23182 ,9934 ,23182 ,0.43 ,115 ,2014 
Malta,17047 ,40861 ,17047 ,40000 ,0.42 ,116 ,2014 
Mali,949 ,2310 ,949 ,2310 ,0.41 ,117 ,2014 
Uganda,780 ,1932 ,780 ,1932 ,0.40 ,118 ,2014 
Honduras,2585 ,6413 ,2585 ,6413 ,0.40 ,119 ,2014 
Turkey,10501 ,26893 ,10501 ,26893 ,0.39 ,120 ,2014 
Sri Lanka,5030 ,13180 ,5030 ,13180 ,0.38 ,121 ,2014 
Fiji,4181 ,11052 ,4181 ,11052 ,0.38 ,122 ,2014 
Qatar,59979 ,161527 ,40000 ,40000 ,0.37 ,123 ,2014 
Kuwait,40942 ,115738 ,40000 ,40000 ,0.35 ,124 ,2014 
"Egypt, Arab Rep.",5138 ,16556 ,5138 ,16556 ,0.31 ,125 ,2014 
United Arab Emirates,21565 ,73414 ,21565 ,40000 ,0.29 ,126 ,2014 
Morocco,3123 ,10988 ,3123 ,10988 ,0.28 ,127 ,2014 
Bahrain,15987 ,56703 ,15987 ,40000 ,0.28 ,128 ,2014 
Mauritania,1299 ,4656 ,1299 ,4656 ,0.28 ,129 ,2014 
Oman,17359 ,62341 ,17359 ,40000 ,0.28 ,130 ,2014 
"Yemen, Rep.",1751 ,6343 ,1751 ,6343 ,0.28 ,131 ,2014 
Tunisia*,4690 ,17003 ,4690 ,17003 ,0.28 ,132 ,2014 
Lebanon,7106 ,26157 ,7106 ,26157 ,0.27 ,133 ,2014 
Saudi Arabia,19763 ,75667 ,19763 ,40000 ,0.26 ,134 ,2014 
India,1980 ,8087 ,1980 ,8087 ,0.24 ,135 ,2014 
Pakistan,1342 ,7367 ,1342 ,7367 ,0.18 ,136 ,2014 
Jordan,3442 ,19300 ,3442 ,19300 ,0.18 ,137 ,2014 
"Iran, Islamic Rep.",4656 ,26644 ,4656 ,26644 ,0.17 ,138 ,2014 
Algeria,3669 ,22127 ,3669 ,22127 ,0.17 ,139 ,2014 
Argentina,,,,,,,2014 
Montenegro,,,,,,,2014 
Syrian Arab Republic,,,,,,,2014 
Luxembourg,62192 ,114707 ,40000 ,40000 ,1.00 ,1 ,2013 
Norway,54828 ,70691 ,40000 ,40000 ,1.00 ,1 ,2013 
Singapore,42687 ,81433 ,40000 ,40000 ,1.00 ,1 ,2013 
Switzerland,40154 ,64315 ,40000 ,40000 ,1.00 ,1 ,2013 
United States,38388 ,61922 ,38388 ,40000 ,0.96 ,5 ,2013 
Brunei Darussalam,38163 ,68132 ,38163 ,40000 ,0.95 ,6 ,2013 
Sweden,37197 ,47271 ,37197 ,40000 ,0.93 ,7 ,2013 
Australia,36964 ,52027 ,36964 ,40000 ,0.92 ,8 ,2013 
Denmark,35625 ,47239 ,35625 ,40000 ,0.89 ,9 ,2013 
Netherlands,34878 ,51143 ,34878 ,40000 ,0.87 ,10 ,2013 
Canada,33951 ,51571 ,33951 ,40000 ,0.85 ,11 ,2013 
Qatar,33234 ,102907 ,33234 ,40000 ,0.83 ,12 ,2013 
Bolivia,4750 ,5814 ,4750 ,5814 ,0.82 ,13 ,2013 
Mozambique,918 ,1135 ,918 ,1135 ,0.81 ,14 ,2013 
Finland,31893 ,44797 ,31893 ,40000 ,0.80 ,15 ,2013 
Burundi,495 ,628 ,495 ,628 ,0.79 ,16 ,2013 
Malawi,794 ,1010 ,794 ,1010 ,0.79 ,17 ,2013 
Mongolia,4753 ,6184 ,4753 ,6184 ,0.77 ,18 ,2013 
Ireland,30457 ,55056 ,30457 ,40000 ,0.76 ,19 ,2013 
Germany,30378 ,50798 ,30378 ,40000 ,0.76 ,20 ,2013 
Iceland,29535 ,45429 ,29535 ,40000 ,0.74 ,21 ,2013 
Belgium,29255 ,48883 ,29255 ,40000 ,0.73 ,22 ,2013 
United Kingdom,29193 ,42647 ,29193 ,40000 ,0.73 ,23 ,2013 
Uganda,1139 ,1563 ,1139 ,1563 ,0.73 ,24 ,2013 
Lao PDR*,2465 ,3391 ,2465 ,3391 ,0.73 ,25 ,2013 
Madagascar,818 ,1140 ,818 ,1140 ,0.72 ,26 ,2013 
New Zealand,26182 ,37008 ,26182 ,37008 ,0.71 ,27 ,2013 
Latvia,17598 ,25054 ,17598 ,25054 ,0.70 ,28 ,2013 
Croatia,17030 ,24289 ,17030 ,24289 ,0.70 ,29 ,2013 
Cambodia,2065 ,2946 ,2065 ,2946 ,0.70 ,30 ,2013 
Lithuania,19602 ,28037 ,19602 ,28037 ,0.70 ,31 ,2013 
France,27651 ,44582 ,27651 ,40000 ,0.69 ,32 ,2013 
Romania,13565 ,19625 ,13565 ,19625 ,0.69 ,33 ,2013 
Vietnam,2968 ,4318 ,2968 ,4318 ,0.69 ,34 ,2013 
Bulgaria,13040 ,18988 ,13040 ,18988 ,0.69 ,35 ,2013 
Tanzania,1302 ,1899 ,1302 ,1899 ,0.69 ,36 ,2013 
Benin,1284 ,1883 ,1284 ,1883 ,0.68 ,37 ,2013 
Ethiopia,917 ,1360 ,917 ,1360 ,0.67 ,38 ,2013 
Bahamas,25508 ,38022 ,25508 ,38022 ,0.67 ,39 ,2013 
Burkina Faso,1214 ,1816 ,1214 ,1816 ,0.67 ,40 ,2013 
Hungary,17391 ,26188 ,17391 ,26188 ,0.66 ,41 ,2013 
Ghana,1637 ,2466 ,1637 ,2466 ,0.66 ,42 ,2013 
Moldova,2748 ,4174 ,2748 ,4174 ,0.66 ,43 ,2013 
Barbados,14850 ,22779 ,14850 ,22779 ,0.65 ,44 ,2013 
Israel,22776 ,34973 ,22776 ,34973 ,0.65 ,45 ,2013 
Estonia,18425 ,28343 ,18425 ,28343 ,0.65 ,46 ,2013 
Kenya,1384 ,2139 ,1384 ,2139 ,0.65 ,47 ,2013 
China,7178 ,11144 ,7178 ,11144 ,0.64 ,48 ,2013 
Slovenia,20931 ,32742 ,20931 ,32742 ,0.64 ,49 ,2013 
Bhutan*,5141 ,8042 ,5141 ,8042 ,0.64 ,50 ,2013 
Zambia,1332 ,2094 ,1332 ,2094 ,0.64 ,51 ,2013 
Austria,25367 ,62174 ,25367 ,40000 ,0.63 ,52 ,2013 
Cameroon,1816 ,2868 ,1816 ,2868 ,0.63 ,53 ,2013 
Paraguay,4725 ,7526 ,4725 ,7526 ,0.63 ,54 ,2013 
Angola*,4717 ,7518 ,4717 ,7518 ,0.63 ,55 ,2013 
Tajikistan,1729 ,2759 ,1729 ,2759 ,0.63 ,56 ,2013 
Colombia,8163 ,13092 ,8163 ,13092 ,0.62 ,57 ,2013 
Chad,1141 ,1844 ,1141 ,1844 ,0.62 ,58 ,2013 
Russian Federation,18297 ,29676 ,18297 ,29676 ,0.62 ,59 ,2013 
Peru,8337 ,13532 ,8337 ,13532 ,0.62 ,60 ,2013 
Thailand,7506 ,12219 ,7506 ,12219 ,0.61 ,61 ,2013 
Kazakhstan,10653 ,17376 ,10653 ,17376 ,0.61 ,62 ,2013 
Lesotho,1493 ,2447 ,1493 ,2447 ,0.61 ,63 ,2013 
Namibia,5712 ,9371 ,5712 ,9371 ,0.61 ,64 ,2013 
Brazil,9055 ,14857 ,9055 ,14857 ,0.61 ,65 ,2013 
Ukraine,5720 ,9405 ,5720 ,9405 ,0.61 ,66 ,2013 
Jamaica,5338 ,8882 ,5338 ,8882 ,0.60 ,67 ,2013 
Philippines,3301 ,5520 ,3301 ,5520 ,0.60 ,68 ,2013 
Spain,23720 ,40742 ,23720 ,40000 ,0.59 ,69 ,2013 
Cyprus,22589 ,38265 ,22589 ,38265 ,0.59 ,70 ,2013 
Kuwait,23385 ,66231 ,23385 ,40000 ,0.58 ,71 ,2013 
Bahrain,16449 ,28379 ,16449 ,28379 ,0.58 ,72 ,2013 
Portugal,18711 ,32327 ,18711 ,32327 ,0.58 ,73 ,2013 
Nigeria,1940 ,3357 ,1940 ,3357 ,0.58 ,74 ,2013 
Slovak Republic,18370 ,31789 ,18370 ,31789 ,0.58 ,75 ,2013 
Poland,16134 ,28083 ,16134 ,28083 ,0.57 ,76 ,2013 
Costa Rica,9369 ,16408 ,9369 ,16408 ,0.57 ,77 ,2013 
Uruguay,11734 ,20644 ,11734 ,20644 ,0.57 ,78 ,2013 
Japan,22727 ,48362 ,22727 ,40000 ,0.57 ,79 ,2013 
Senegal,1413 ,2497 ,1413 ,2497 ,0.57 ,80 ,2013 
Trinidad and Tobago,19286 ,34168 ,19286 ,34168 ,0.56 ,81 ,2013 
Maldives,6488 ,11617 ,6488 ,11617 ,0.56 ,82 ,2013 
Serbia,8247 ,14993 ,8247 ,14993 ,0.55 ,83 ,2013 
Panama,11746 ,21387 ,11746 ,21387 ,0.55 ,84 ,2013 
Kyrgyz Republic,1706 ,3133 ,1706 ,3133 ,0.54 ,85 ,2013 
Albania,6589 ,12279 ,6589 ,12279 ,0.54 ,86 ,2013 
Malta,20184 ,37841 ,20184 ,37841 ,0.53 ,87 ,2013 
Armenia,4575 ,8592 ,4575 ,8592 ,0.53 ,88 ,2013 
Italy,21264 ,44430 ,21264 ,40000 ,0.53 ,89 ,2013 
Greece,17071 ,32467 ,17071 ,32467 ,0.53 ,90 ,2013 
South Africa,7950 ,15145 ,7950 ,15145 ,0.52 ,91 ,2013 
Azerbaijan,7314 ,13978 ,7314 ,13978 ,0.52 ,92 ,2013 
Bangladesh,1284 ,2467 ,1284 ,2467 ,0.52 ,93 ,2013 
Ecuador,6579 ,12895 ,6579 ,12895 ,0.51 ,94 ,2013 
Venezuela,9025 ,17896 ,9025 ,17896 ,0.50 ,95 ,2013 
Argentina,7987 ,16258 ,7987 ,16258 ,0.49 ,96 ,2013 
Chile,14965 ,30513 ,14965 ,30513 ,0.49 ,97 ,2013 
Czech Republic,17476 ,35668 ,17476 ,35668 ,0.49 ,98 ,2013 
Côte d'Ivoire,1314 ,2736 ,1314 ,2736 ,0.48 ,99 ,2013 
"Macedonia, FYR",7558 ,15844 ,7558 ,15844 ,0.48 ,100 ,2013 
Botswana,10868 ,23047 ,10868 ,23047 ,0.47 ,101 ,2013 
Cape Verde,2839 ,6038 ,2839 ,6038 ,0.47 ,102 ,2013 
Nicaragua,2578 ,5598 ,2578 ,5598 ,0.46 ,103 ,2013 
Belize,4745 ,10317 ,4745 ,10317 ,0.46 ,104 ,2013 
Suriname,5540 ,12159 ,5540 ,12159 ,0.46 ,105 ,2013 
Mauritius,9812 ,21630 ,9812 ,21630 ,0.45 ,106 ,2013 
Guatemala,3168 ,7131 ,3168 ,7131 ,0.44 ,107 ,2013 
"Korea, Rep.",17672 ,43912 ,17672 ,40000 ,0.44 ,108 ,2013 
Guyana,2047 ,4708 ,2047 ,4708 ,0.43 ,109 ,2013 
Mexico,10218 ,23551 ,10218 ,23551 ,0.43 ,110 ,2013 
Indonesia,2985 ,6903 ,2985 ,6903 ,0.43 ,111 ,2013 
El Salvador,4250 ,10193 ,4250 ,10193 ,0.42 ,112 ,2013 
United Arab Emirates,16637 ,53234 ,16637 ,40000 ,0.42 ,113 ,2013 
Mali,707 ,1714 ,707 ,1714 ,0.41 ,114 ,2013 
Nepal,876 ,2130 ,876 ,2130 ,0.41 ,115 ,2013 
Honduras,2395 ,5991 ,2395 ,5991 ,0.40 ,116 ,2013 
Malaysia,9899 ,24832 ,9899 ,24832 ,0.40 ,117 ,2013 
Georgia,3442 ,8660 ,3442 ,8660 ,0.40 ,118 ,2013 
Fiji,2682 ,7116 ,2682 ,7116 ,0.38 ,119 ,2013 
Sri Lanka,3349 ,9273 ,3349 ,9273 ,0.36 ,120 ,2013 
Turkey,8053 ,27597 ,8053 ,27597 ,0.29 ,121 ,2013 
Morocco,2296 ,8175 ,2296 ,8175 ,0.28 ,122 ,2013 
Mauritania,1128 ,4058 ,1128 ,4058 ,0.28 ,123 ,2013 
Yemen,1064 ,3890 ,1064 ,3890 ,0.27 ,124 ,2013 
India,1628 ,5974 ,1628 ,5974 ,0.27 ,125 ,2013 
Lebanon,6154 ,22776 ,6154 ,22776 ,0.27 ,126 ,2013 
Oman,10090 ,37362 ,10090 ,37362 ,0.27 ,127 ,2013 
Egypt,2784 ,10629 ,2784 ,10629 ,0.26 ,128 ,2013 
Pakistan,1005 ,4676 ,1005 ,4676 ,0.21 ,129 ,2013 
Jordan,2097 ,10031 ,2097 ,10031 ,0.21 ,130 ,2013 
"Iran, Islamic Rep.",3895 ,18785 ,3895 ,18785 ,0.21 ,131 ,2013 
Saudi Arabia,7156 ,37661 ,7156 ,37661 ,0.19 ,132 ,2013 
Algeria,2371 ,14522 ,2371 ,14522 ,0.16 ,133 ,2013 
Syria,1437 ,9285 ,1437 ,9285 ,0.15 ,134 ,2013 
Cuba,,,,,,,2013 
Dominican Republic,,,,,,,2013 
Luxembourg,62208 ,115628 ,40000 ,40000 ,1.00 ,1 ,2012 
Norway,49850 ,64313 ,40000 ,40000 ,1.00 ,1 ,2012 
Singapore,43046 ,78867 ,40000 ,40000 ,1.00 ,1 ,2012 
United States,37376 ,59791 ,37376 ,40000 ,0.93 ,4 ,2012 
Switzerland,36734 ,59269 ,36734 ,40000 ,0.92 ,5 ,2012 
Sweden,36503 ,46424 ,36503 ,40000 ,0.91 ,6 ,2012 
Brunei Darussalam,35963 ,64762 ,35963 ,40000 ,0.90 ,7 ,2012 
Denmark,35276 ,46848 ,35276 ,40000 ,0.88 ,8 ,2012 
Netherlands,35247 ,51545 ,35247 ,40000 ,0.88 ,9 ,2012 
Qatar,33260 ,106587 ,33260 ,40000 ,0.83 ,10 ,2012 
Australia,32806 ,46169 ,32806 ,40000 ,0.82 ,11 ,2012 
Bolivia,4598 ,5664 ,4598 ,5664 ,0.81 ,12 ,2012 
Mozambique,881 ,1088 ,881 ,1088 ,0.81 ,13 ,2012 
Canada,32241 ,48971 ,32241 ,40000 ,0.81 ,14 ,2012 
Malawi,810 ,1026 ,810 ,1026 ,0.79 ,15 ,2012 
Finland,31374 ,44016 ,31374 ,40000 ,0.78 ,16 ,2012 
Burundi,535 ,684 ,535 ,684 ,0.78 ,17 ,2012 
Mongolia,4125 ,5419 ,4125 ,5419 ,0.76 ,18 ,2012 
Ireland,29988 ,53273 ,29988 ,40000 ,0.75 ,19 ,2012 
United Kingdom,29752 ,43478 ,29752 ,40000 ,0.74 ,20 ,2012 
Germany,29616 ,49595 ,29616 ,40000 ,0.74 ,21 ,2012 
Iceland,29280 ,44833 ,29280 ,40000 ,0.73 ,22 ,2012 
Uganda,1139 ,1569 ,1139 ,1569 ,0.73 ,23 ,2012 
Belgium,28981 ,48668 ,28981 ,40000 ,0.72 ,24 ,2012 
Madagascar,813 ,1133 ,813 ,1133 ,0.72 ,25 ,2012 
Latvia,14949 ,20909 ,14949 ,20909 ,0.71 ,26 ,2012 
Lithuania,17152 ,24089 ,17152 ,24089 ,0.71 ,27 ,2012 
Cambodia,1974 ,2786 ,1974 ,2786 ,0.71 ,28 ,2012 
New Zealand,25029 ,35368 ,25029 ,35368 ,0.71 ,29 ,2012 
Ghana,1550 ,2206 ,1550 ,2206 ,0.70 ,30 ,2012 
Croatia,16601 ,23726 ,16601 ,23726 ,0.70 ,31 ,2012 
Vietnam,2809 ,4075 ,2809 ,4075 ,0.69 ,32 ,2012 
Tanzania,1239 ,1804 ,1239 ,1804 ,0.69 ,33 ,2012 
France,27294 ,43524 ,27294 ,40000 ,0.68 ,34 ,2012 
Romania,12364 ,18135 ,12364 ,18135 ,0.68 ,35 ,2012 
Bulgaria,11903 ,17493 ,11903 ,17493 ,0.68 ,36 ,2012 
"Gambia, The",1724 ,2557 ,1724 ,2557 ,0.67 ,37 ,2012 
Bahamas,25969 ,38705 ,25969 ,38705 ,0.67 ,38 ,2012 
Burkina Faso,1051 ,1572 ,1051 ,1572 ,0.67 ,39 ,2012 
Benin,1306 ,1958 ,1306 ,1958 ,0.67 ,40 ,2012 
Ethiopia,894 ,1341 ,894 ,1341 ,0.67 ,41 ,2012 
Hungary,17525 ,26398 ,17525 ,26398 ,0.66 ,42 ,2012 
Moldova,2722 ,4134 ,2722 ,4134 ,0.66 ,43 ,2012 
Israel,22118 ,34047 ,22118 ,34047 ,0.65 ,44 ,2012 
China,6592 ,10156 ,6592 ,10156 ,0.65 ,45 ,2012 
Kenya,1352 ,2085 ,1352 ,2085 ,0.65 ,46 ,2012 
Kuwait,25940 ,74092 ,25940 ,40000 ,0.65 ,47 ,2012 
Barbados,15153 ,23454 ,15153 ,23454 ,0.65 ,48 ,2012 
Estonia,17887 ,27688 ,17887 ,27688 ,0.65 ,49 ,2012 
Zambia,1270 ,1974 ,1270 ,1974 ,0.64 ,50 ,2012 
Namibia,5328 ,8341 ,5328 ,8341 ,0.64 ,51 ,2012 
Portugal,18830 ,32480 ,19905 ,31337 ,0.64 ,52 ,2012 
Cameroon,1843 ,2925 ,1843 ,2925 ,0.63 ,53 ,2012 
Paraguay,4146 ,6669 ,4146 ,6669 ,0.62 ,54 ,2012 
Slovenia,21221 ,34194 ,21221 ,34194 ,0.62 ,55 ,2012 
Russian Federation,16609 ,26877 ,16609 ,26877 ,0.62 ,56 ,2012 
Colombia,7746 ,12539 ,7746 ,12539 ,0.62 ,57 ,2012 
Austria,24671 ,60413 ,24671 ,40000 ,0.62 ,58 ,2012 
Thailand,6665 ,10813 ,6665 ,10813 ,0.62 ,59 ,2012 
Lesotho,1309 ,2133 ,1309 ,2133 ,0.61 ,60 ,2012 
Peru,7833 ,12791 ,7833 ,12791 ,0.61 ,61 ,2012 
Chad,1163 ,1903 ,1163 ,1903 ,0.61 ,62 ,2012 
Kazakhstan,10091 ,16541 ,10091 ,16541 ,0.61 ,63 ,2012 
Brazil,8883 ,14648 ,8883 ,14648 ,0.61 ,64 ,2012 
Ukraine,5578 ,9214 ,5578 ,9214 ,0.61 ,65 ,2012 
Spain,24145 ,41466 ,24145 ,40000 ,0.60 ,66 ,2012 
Tajikistan,1762 ,2938 ,1762 ,2938 ,0.60 ,67 ,2012 
Jamaica,6069 ,10125 ,6069 ,10125 ,0.60 ,68 ,2012 
Philippines,3092 ,5181 ,3092 ,5181 ,0.60 ,69 ,2012 
Cyprus,23685 ,40134 ,23685 ,40000 ,0.59 ,70 ,2012 
Bahrain,16289 ,28115 ,16289 ,28115 ,0.58 ,71 ,2012 
Senegal,1455 ,2515 ,1455 ,2515 ,0.58 ,72 ,2012 
Slovak Republic,17988 ,31243 ,17988 ,31243 ,0.58 ,73 ,2012 
Nigeria,1841 ,3206 ,1841 ,3206 ,0.57 ,74 ,2012 
Poland,15666 ,27310 ,15666 ,27310 ,0.57 ,75 ,2012 
Costa Rica,8809 ,15560 ,8809 ,15560 ,0.57 ,76 ,2012 
Uruguay,11076 ,19580 ,11076 ,19580 ,0.57 ,77 ,2012 
Serbia*,8604 ,15302 ,8604 ,15302 ,0.56 ,78 ,2012 
Maldives,6362 ,11463 ,6362 ,11463 ,0.55 ,79 ,2012 
Japan,22096 ,47108 ,22096 ,40000 ,0.55 ,80 ,2012 
South Africa,7838 ,14290 ,7838 ,14290 ,0.55 ,81 ,2012 
Kyrgyz Republic,1716 ,3151 ,1716 ,3151 ,0.54 ,82 ,2012 
Panama,11027 ,20295 ,11027 ,20295 ,0.54 ,83 ,2012 
Trinidad and Tobago,18378 ,34013 ,18378 ,34013 ,0.54 ,84 ,2012 
Italy,21465 ,44143 ,21465 ,40000 ,0.54 ,85 ,2012 
Albania,6226 ,11656 ,6226 ,11656 ,0.53 ,86 ,2012 
Greece,18617 ,35338 ,18617 ,35338 ,0.53 ,87 ,2012 
Azerbaijan,6974 ,13361 ,6974 ,13361 ,0.52 ,88 ,2012 
Malta,18749 ,35969 ,18749 ,35969 ,0.52 ,89 ,2012 
Bangladesh,1214 ,2349 ,1214 ,2349 ,0.52 ,90 ,2012 
Ecuador,5701 ,11264 ,5701 ,11264 ,0.51 ,91 ,2012 
Venezuela,8544 ,17100 ,8544 ,17100 ,0.50 ,92 ,2012 
Dominican Republic,6538 ,13168 ,6538 ,13168 ,0.50 ,93 ,2012 
Argentina,11689 ,23925 ,11689 ,23925 ,0.49 ,94 ,2012 
Chile,11256 ,23127 ,11256 ,23127 ,0.49 ,95 ,2012 
Czech Republic,17056 ,35174 ,17056 ,35174 ,0.48 ,96 ,2012 
Botswana,9509 ,19897 ,9509 ,19897 ,0.48 ,97 ,2012 
"Macedonia, FYR",7512 ,15804 ,7512 ,15804 ,0.48 ,98 ,2012 
Côte d'Ivoire,1152 ,2432 ,1152 ,2432 ,0.47 ,99 ,2012 
Cape Verde,2624 ,5647 ,2624 ,5647 ,0.46 ,100 ,2012 
United Arab Emirates,18306 ,61370 ,18306 ,40000 ,0.46 ,101 ,2012 
Nicaragua,1850 ,4056 ,1850 ,4056 ,0.46 ,102 ,2012 
Suriname,4909 ,10858 ,4909 ,10858 ,0.45 ,103 ,2012 
Mauritius,9052 ,20133 ,9052 ,20133 ,0.45 ,104 ,2012 
Mexico,9516 ,21325 ,9516 ,21325 ,0.45 ,105 ,2012 
Belize,4157 ,9358 ,4157 ,9358 ,0.44 ,106 ,2012 
Guatemala,3073 ,6947 ,3073 ,6947 ,0.44 ,107 ,2012 
Armenia,3642 ,8341 ,3642 ,8341 ,0.44 ,108 ,2012 
"Korea, Rep.",17402 ,43088 ,17402 ,40000 ,0.44 ,109 ,2012 
Malaysia,9380 ,21624 ,9380 ,21624 ,0.43 ,110 ,2012 
Nepal,757 ,1764 ,757 ,1764 ,0.43 ,111 ,2012 
Indonesia,2780 ,6567 ,2780 ,6567 ,0.42 ,112 ,2012 
Guyana,2022 ,4856 ,2022 ,4856 ,0.42 ,113 ,2012 
El Salvador,4113 ,9939 ,4113 ,9939 ,0.41 ,114 ,2012 
Mali,637 ,1561 ,637 ,1561 ,0.41 ,115 ,2012 
Georgia,3205 ,8084 ,3205 ,8084 ,0.40 ,116 ,2012 
Honduras,2306 ,5827 ,2306 ,5827 ,0.40 ,117 ,2012 
Timor-Leste,885 ,2265 ,885 ,2265 ,0.39 ,118 ,2012 
Fiji,2593 ,6893 ,2593 ,6893 ,0.38 ,119 ,2012 
Sri Lanka,3022 ,8288 ,3022 ,8288 ,0.36 ,120 ,2012 
Turkey,7813 ,26005 ,7813 ,26005 ,0.30 ,121 ,2012 
Mauritania,1112 ,4016 ,1112 ,4016 ,0.28 ,122 ,2012 
Morocco,2173 ,7915 ,2173 ,7915 ,0.27 ,123 ,2012 
India,1530 ,5635 ,1530 ,5635 ,0.27 ,124 ,2012 
Yemen,996 ,3685 ,996 ,3685 ,0.27 ,125 ,2012 
Egypt,2605 ,10012 ,2605 ,10012 ,0.26 ,126 ,2012 
Lebanon,5922 ,23920 ,5922 ,23920 ,0.25 ,127 ,2012 
Oman,9804 ,42133 ,9804 ,40000 ,0.25 ,128 ,2012 
Jordan,2051 ,9745 ,2051 ,9745 ,0.21 ,129 ,2012 
"Iran, Islamic Rep.",3912 ,18834 ,3912 ,18834 ,0.21 ,130 ,2012 
Pakistan,940 ,4528 ,940 ,4528 ,0.21 ,131 ,2012 
Saudi Arabia,6652 ,38856 ,6652 ,38856 ,0.17 ,132 ,2012 
Algeria,2390 ,14922 ,2390 ,14922 ,0.16 ,133 ,2012 
Syria,1362 ,9071 ,1362 ,9071 ,0.15 ,134 ,2012 
Cuba,,,,,,,2012 
Luxembourg,59570 ,108458 ,40000 ,40000 ,1.00 ,1 ,2011 
Norway,49498 ,63007 ,40000 ,40000 ,1.00 ,1 ,2011 
Brunei Darussalam,38656 ,62967 ,38656 ,40000 ,0.97 ,3 ,2011 
Switzerland,35577 ,55328 ,35577 ,40000 ,0.89 ,4 ,2011 
United States,35346 ,56918 ,35346 ,40000 ,0.88 ,5 ,2011 
Singapore,35060 ,66054 ,35060 ,40000 ,0.88 ,6 ,2011 
Qatar,33582 ,110218 ,33582 ,40000 ,0.84 ,7 ,2011 
Netherlands,33295 ,48187 ,33295 ,40000 ,0.83 ,8 ,2011 
Sweden,32990 ,41830 ,32990 ,40000 ,0.82 ,9 ,2011 
Australia,32861 ,46295 ,32861 ,40000 ,0.82 ,10 ,2011 
Denmark,32206 ,43331 ,32206 ,40000 ,0.81 ,11 ,2011 
Mongolia,3141 ,3912 ,3141 ,3912 ,0.80 ,12 ,2011 
Burundi,349 ,437 ,349 ,437 ,0.80 ,13 ,2011 
Bolivia,3856 ,4986 ,3856 ,4986 ,0.77 ,14 ,2011 
Mozambique,767 ,1010 ,767 ,1010 ,0.76 ,15 ,2011 
Canada,30005 ,45763 ,30005 ,40000 ,0.75 ,16 ,2011 
Ghana,1324 ,1774 ,1324 ,1774 ,0.75 ,17 ,2011 
Finland,29593 ,41166 ,29593 ,40000 ,0.74 ,18 ,2011 
Lesotho,1257 ,1703 ,1257 ,1703 ,0.74 ,19 ,2011 
Malawi,671 ,919 ,671 ,919 ,0.73 ,20 ,2011 
Madagascar,845 ,1164 ,845 ,1164 ,0.73 ,21 ,2011 
Ireland,28910 ,52450 ,28910 ,40000 ,0.72 ,22 ,2011 
United Kingdom,28354 ,42217 ,28354 ,40000 ,0.71 ,23 ,2011 
Croatia,16600 ,23629 ,16600 ,23629 ,0.70 ,24 ,2011 
New Zealand,23856 ,34258 ,23856 ,34258 ,0.70 ,25 ,2011 
Iceland,27675 ,45486 ,27675 ,40000 ,0.69 ,26 ,2011 
Ethiopia,763 ,1108 ,763 ,1108 ,0.69 ,27 ,2011 
Germany,27457 ,45570 ,27457 ,40000 ,0.69 ,28 ,2011 
Vietnam,2409 ,3511 ,2409 ,3511 ,0.69 ,29 ,2011 
Romania,11662 ,17043 ,11662 ,17043 ,0.68 ,30 ,2011 
Lithuania,14117 ,20936 ,14117 ,20936 ,0.67 ,31 ,2011 
Belgium,26943 ,46075 ,26943 ,40000 ,0.67 ,32 ,2011 
Latvia,13436 ,19949 ,13436 ,19949 ,0.67 ,33 ,2011 
Tanzania,1096 ,1630 ,1096 ,1630 ,0.67 ,34 ,2011 
Moldova,2317 ,3448 ,2317 ,3448 ,0.67 ,35 ,2011 
Burkina Faso,950 ,1424 ,950 ,1424 ,0.67 ,36 ,2011 
Benin,1202 ,1808 ,1202 ,1808 ,0.66 ,37 ,2011 
Cambodia,1532 ,2315 ,1532 ,2315 ,0.66 ,38 ,2011 
Bulgaria,11105 ,16823 ,11105 ,16823 ,0.66 ,39 ,2011 
Kenya,1249 ,1897 ,1249 ,1897 ,0.66 ,40 ,2011 
Uganda,963 ,1471 ,963 ,1471 ,0.65 ,41 ,2011 
Russian Federation,15193 ,23284 ,15193 ,23284 ,0.65 ,42 ,2011 
China,5331 ,8215 ,5331 ,8215 ,0.65 ,43 ,2011 
Angola,4580 ,7079 ,4580 ,7079 ,0.65 ,44 ,2011 
France,25870 ,41922 ,25870 ,40000 ,0.65 ,45 ,2011 
Barbados,15119 ,23507 ,15119 ,23507 ,0.64 ,46 ,2011 
Israel,21684 ,33726 ,21684 ,33726 ,0.64 ,47 ,2011 
Hungary,16007 ,25075 ,16007 ,25075 ,0.64 ,48 ,2011 
Namibia,5010 ,7850 ,5010 ,7850 ,0.64 ,49 ,2011 
"Gambia, The",1102 ,1733 ,1102 ,1733 ,0.64 ,50 ,2011 
Thailand,6185 ,9865 ,6185 ,9865 ,0.63 ,51 ,2011 
Estonia,15318 ,24808 ,15318 ,24808 ,0.62 ,52 ,2011 
Slovenia,20797 ,33769 ,20797 ,33769 ,0.62 ,53 ,2011 
Kuwait,24531 ,65010 ,24531 ,40000 ,0.61 ,54 ,2011 
Paraguay,3430 ,5594 ,3430 ,5594 ,0.61 ,55 ,2011 
Kazakhstan,8833 ,14454 ,8833 ,14454 ,0.61 ,56 ,2011 
Chad,988 ,1616 ,988 ,1616 ,0.61 ,57 ,2011 
Brazil,7865 ,12946 ,7865 ,12946 ,0.61 ,58 ,2011 
Ukraine,4830 ,8057 ,4830 ,8057 ,0.60 ,59 ,2011 
Philippines,2642 ,4429 ,2642 ,4429 ,0.60 ,60 ,2011 
Peru,6399 ,10850 ,6399 ,10850 ,0.59 ,61 ,2011 
Jamaica,5665 ,9685 ,5665 ,9685 ,0.58 ,62 ,2011 
Cyprus,22737 ,39394 ,22737 ,39394 ,0.58 ,63 ,2011 
Spain,22985 ,41573 ,22985 ,40000 ,0.57 ,64 ,2011 
Poland,13886 ,24292 ,13886 ,24292 ,0.57 ,65 ,2011 
Senegal,1324 ,2317 ,1324 ,2317 ,0.57 ,66 ,2011 
Slovak Republic,16768 ,29371 ,16768 ,29371 ,0.57 ,67 ,2011 
Maldives,3969 ,6952 ,3969 ,6952 ,0.57 ,68 ,2011 
Portugal,18218 ,32057 ,18218 ,32057 ,0.57 ,69 ,2011 
Tajikistan,1433 ,2525 ,1433 ,2525 ,0.57 ,70 ,2011 
Mauritania,1385 ,2458 ,1385 ,2458 ,0.56 ,71 ,2011 
Zambia,1031 ,1831 ,1031 ,1831 ,0.56 ,72 ,2011 
Austria,22528 ,55934 ,22528 ,40000 ,0.56 ,73 ,2011 
South Africa,7411 ,13225 ,7411 ,13225 ,0.56 ,74 ,2011 
Bahrain,22378 ,44679 ,22378 ,40000 ,0.56 ,75 ,2011 
Uruguay,9549 ,17092 ,9549 ,17092 ,0.56 ,76 ,2011 
United Arab Emirates,22101 ,75089 ,22101 ,40000 ,0.55 ,77 ,2011 
Costa Rica,Rica,7849 ,14261 ,7849 ,14261.00 ,1 ,2011 
Trinidad and Tobago,18276 ,33290 ,18276 ,33290 ,0.55 ,79 ,2011 
Bangladesh,1000 ,1823 ,1000 ,1823 ,0.55 ,80 ,2011 
Panama,9199 ,16852 ,9199 ,16852 ,0.55 ,81 ,2011 
Albania,6172 ,11327 ,6172 ,11327 ,0.54 ,82 ,2011 
Italy,21438 ,44033 ,21438 ,40000 ,0.54 ,83 ,2011 
Kyrgyz Republic,1586 ,2999 ,1586 ,2999 ,0.53 ,84 ,2011 
Azerbaijan,6691 ,12721 ,6691 ,12721 ,0.53 ,85 ,2011 
Argentina,10035 ,19217 ,10035 ,19217 ,0.52 ,86 ,2011 
Japan,20572 ,44892 ,20572 ,40000 ,0.51 ,87 ,2011 
Cameroon,1484 ,2926 ,1484 ,2926 ,0.51 ,88 ,2011 
"Macedonia, FYR",7509 ,14818 ,7509 ,14818 ,0.51 ,89 ,2011 
Greece,19842 ,39561 ,19842 ,39561 ,0.50 ,90 ,2011 
Venezuela,8200 ,16413 ,8200 ,16413 ,0.50 ,91 ,2011 
Armenia,3586 ,7218 ,3586 ,7218 ,0.50 ,92 ,2011 
Botswana,8823 ,17952 ,8823 ,17952 ,0.49 ,93 ,2011 
Dominican Republic,5533 ,11306 ,5533 ,11306 ,0.49 ,94 ,2011 
Nicaragua,1722 ,3579 ,1722 ,3579 ,0.48 ,95 ,2011 
Czech Republic,16651 ,34848 ,16651 ,34848 ,0.48 ,96 ,2011 
Malta,15962 ,33736 ,15962 ,33736 ,0.47 ,97 ,2011 
Ecuador,5275 ,11249 ,5275 ,11249 ,0.47 ,98 ,2011 
Colombia,5718 ,12302 ,5718 ,12302 ,0.46 ,99 ,2011 
Côte d'Ivoire,1067 ,2312 ,1067 ,2312 ,0.46 ,100 ,2011 
Belize,4136 ,9081 ,4136 ,9081 ,0.46 ,101 ,2011 
Suriname,4654 ,10251 ,4654 ,10251 ,0.45 ,102 ,2011 
Mali,736 ,1647 ,736 ,1647 ,0.45 ,103 ,2011 
Chile,8845 ,19897 ,8845 ,19897 ,0.44 ,104 ,2011 
Mexico,8813 ,19871 ,8813 ,19871 ,0.44 ,105 ,2011 
Guatemala,2927 ,6605 ,2927 ,6605 ,0.44 ,106 ,2011 
Malaysia,8365 ,19486 ,8365 ,19486 ,0.43 ,107 ,2011 
Mauritius,7656 ,18115 ,7656 ,18115 ,0.42 ,108 ,2011 
Indonesia,2487 ,5915 ,2487 ,5915 ,0.42 ,109 ,2011 
El Salvador,3981 ,9594 ,3981 ,9594 ,0.41 ,110 ,2011 
Guyana,1872 ,4537 ,1872 ,4537 ,0.41 ,111 ,2011 
Nigeria,1283 ,3119 ,1283 ,3119 ,0.41 ,112 ,2011 
"Korea, Rep.",15830 ,38590 ,15830 ,38590 ,0.41 ,113 ,2011 
"Iran, Islamic Rep.",6564 ,16386 ,6564 ,16386 ,0.40 ,114 ,2011 
Georgia,2771 ,7030 ,2771 ,7030 ,0.39 ,115 ,2011 
Honduras,2148 ,5538 ,2148 ,5538 ,0.39 ,116 ,2011 
Fiji,2455 ,6536 ,2455 ,6536 ,0.38 ,117 ,2011 
Nepal,628 ,1689 ,628 ,1689 ,0.37 ,118 ,2011 
Algeria,4328 ,11944 ,4328 ,11944 ,0.36 ,119 ,2011 
Sri Lanka,2542 ,7070 ,2542 ,7070 ,0.36 ,120 ,2011 
India,1518 ,4960 ,1518 ,4960 ,0.31 ,121 ,2011 
Jordan,2456 ,8581 ,2456 ,8581 ,0.29 ,122 ,2011 
Tunisia,3617 ,12875 ,3617 ,12875 ,0.28 ,123 ,2011 
Turkey,5602 ,21660 ,5602 ,21660 ,0.26 ,124 ,2011 
Morocco,1828 ,7257 ,1828 ,7257 ,0.25 ,125 ,2011 
Lebanon,5186 ,21288 ,5186 ,21288 ,0.24 ,126 ,2011 
Egypt,2167 ,9138 ,2167 ,9138 ,0.24 ,127 ,2011 
Oman,8866 ,38285 ,8866 ,38285 ,0.23 ,128 ,2011 
Syria,1657 ,7745 ,1657 ,7745 ,0.21 ,129 ,2011 
Yemen,857 ,4046 ,857 ,4046 ,0.21 ,130 ,2011 
Saudi Arabia,7157 ,36727 ,7157 ,36727 ,0.19 ,131 ,2011 
Bahamas,,,,,,,2011 
Cuba,,,,,,,2011 
Zimbabwe,,,,,,,2011 
Pakistan,,,,,,,2011 
